0001.jpg,大
0002.jpg,唐
0003.jpg,中
0004.jpg,兴
0005.jpg,颂
0006.jpg,有
0007.jpg,尚
0008.jpg,书
0009.jpg,水
0010.jpg,部
0011.jpg,员
0012.jpg,外
0013.jpg,郎
0014.jpg,兼
0015.jpg,殿
0016.jpg,中
0017.jpg,侍
0018.jpg,御
0019.jpg,史
0020.jpg,荆
0021.jpg,南
0022.jpg,节
0023.jpg,官
0024.jpg,元
0025.jpg,结
0026.jpg,撰
0027.jpg,金
0028.jpg,紫
0029.jpg,光
0030.jpg,禄
0031.jpg,大
0032.jpg,夫
0033.jpg,前
0034.jpg,行
0035.jpg,上
0036.jpg,柱
0037.jpg,国
0038.jpg,鲁
0039.jpg,郡
0040.jpg,开
0041.jpg,国
0042.jpg,公
0043.jpg,颜
0044.jpg,真
0045.jpg,卿
0046.jpg,书
0047.jpg,天
0048.jpg,宝
0049.jpg,十
0050.jpg,四
0051.jpg,季
0052.jpg,安
0053.jpg,禄
0054.jpg,山
0055.jpg,陷
0056.jpg,洛
0057.jpg,阳
0058.jpg,阴
0059.jpg,季
0060.jpg,陷
0061.jpg,长
0062.jpg,安
0063.jpg,幸
0064.jpg,蜀
0065.jpg,太
0066.jpg,子
0067.jpg,即
0068.jpg,位
0069.jpg,于
0070.jpg,灵
0071.jpg,武
0072.jpg,明
0073.jpg,季
0074.jpg,皇
0075.jpg,帝
0076.jpg,移
0077.jpg,军
0078.jpg,凤
0079.jpg,翔
0080.jpg,其
0081.jpg,季
0082.jpg,复
0083.jpg,两
0084.jpg,京
0085.jpg,上
0086.jpg,皇
0087.jpg,还
0088.jpg,京
0089.jpg,师
0090.jpg,于
0091.jpg,戏
0092.jpg,前
0093.jpg,代
0094.jpg,帝
0095.jpg,王
0096.jpg,有
0097.jpg,盛
0098.jpg,德
0099.jpg,大
0100.jpg,业
0101.jpg,者
0102.jpg,必
0103.jpg,见
0104.jpg,于
0105.jpg,歌
0106.jpg,颂
0107.jpg,若
0108.jpg,今
0109.jpg,歌
0110.jpg,颂
0111.jpg,大
0112.jpg,业
0113.jpg,刻
0114.jpg,之
0115.jpg,金
0116.jpg,石
0117.jpg,非
0118.jpg,老
0119.jpg,于
0120.jpg,文
0121.jpg,学
0122.jpg,其
0123.jpg,谁
0124.jpg,宜
0125.jpg,为
0126.jpg,颂
0127.jpg,曰
0128.jpg,噫
0129.jpg,嘻
0130.jpg,前
0131.jpg,朝
0132.jpg,奸
0133.jpg,骄
0134.jpg,为
0135.jpg,惽
0136.jpg,为
0137.jpg,妖
0138.jpg,边
0139.jpg,将
0140.jpg,骋
0141.jpg,兵
0142.jpg,毒
0143.jpg,乱
0144.jpg,国
0145.jpg,经
0146.jpg,群
0147.jpg,生
0148.jpg,失
0149.jpg,宁
0150.jpg,大
0151.jpg,驾
0152.jpg,南
0153.jpg,巡
0154.jpg,白
0155.jpg,寮
0156.jpg,奉
0157.jpg,贼
0158.jpg,称
0159.jpg,臣
0160.jpg,天
0161.jpg,将
0162.jpg,昌
0163.jpg,唐
0164.jpg,繄
0165.jpg,睨
0166.jpg,我
0167.jpg,皇
0168.jpg,匹
0169.jpg,马
0170.jpg,北
0171.jpg,方
0172.jpg,独
0173.jpg,立
0174.jpg,一
0175.jpg,呼
0176.jpg,千
0177.jpg,麾
0178.jpg,万
0179.jpg,旟
0180.jpg,戎
0181.jpg,卒
0182.jpg,前
0183.jpg,驱
0184.jpg,我
0185.jpg,师
0186.jpg,其
0187.jpg,东
0188.jpg,储
0189.jpg,皇
0190.jpg,抚
0191.jpg,戎
0192.jpg,荡
0193.jpg,攘
0194.jpg,群
0195.jpg,凶
0196.jpg,复
0197.jpg,服
0198.jpg,指
0199.jpg,期
0200.jpg,曾
0201.jpg,不
0202.jpg,逾
0203.jpg,时
0204.jpg,有
0205.jpg,国
0206.jpg,无
0207.jpg,之
0208.jpg,事
0209.jpg,有
0210.jpg,至
0211.jpg,难
0212.jpg,宗
0213.jpg,庙
0214.jpg,再
0215.jpg,安
0216.jpg,二
0217.jpg,圣
0218.jpg,重
0219.jpg,欢
0220.jpg,地
0221.jpg,辟
0222.jpg,天
0223.jpg,开
0224.jpg,瑞
0225.jpg,庆
0226.jpg,大
0227.jpg,来
0228.jpg,凶
0229.jpg,徒
0230.jpg,逆
0231.jpg,俦
0232.jpg,涵
0233.jpg,濡
0234.jpg,天
0235.jpg,休
0236.jpg,死
0237.jpg,生
0238.jpg,堪
0239.jpg,羞
0240.jpg,功
0241.jpg,劳
0242.jpg,位
0243.jpg,尊
0244.jpg,忠
0245.jpg,烈
0246.jpg,名
0247.jpg,存
0248.jpg,泽
0249.jpg,流
0250.jpg,子
0251.jpg,孙
0252.jpg,盛
0253.jpg,德
0254.jpg,之
0255.jpg,兴
0256.jpg,山
0257.jpg,高
0258.jpg,日
0259.jpg,升
0260.jpg,万
0261.jpg,福
0262.jpg,是
0263.jpg,膺
0264.jpg,能
0265.jpg,令
0266.jpg,大
0267.jpg,君
0268.jpg,沄
0269.jpg,沄
0270.jpg,不
0271.jpg,在
0272.jpg,斯
0273.jpg,文
0274.jpg,湘
0275.jpg,江
0276.jpg,东
0277.jpg,西
0278.jpg,中
0279.jpg,直
0280.jpg,浯
0281.jpg,溪
0282.jpg,石
0283.jpg,崖
0284.jpg,天
0285.jpg,齐
0286.jpg,可
0287.jpg,磨
0288.jpg,可
0289.jpg,镌
0290.jpg,刊
0291.jpg,此
0292.jpg,颂
0293.jpg,焉
0294.jpg,何
0295.jpg,千
0296.jpg,万
0297.jpg,季
0298.jpg,上
0299.jpg,元
0300.jpg,二
0301.jpg,季
0302.jpg,秋
0303.jpg,八
0304.jpg,月
0305.jpg,撰
0306.jpg,大
0307.jpg,历
0308.jpg,六
0309.jpg,季
0310.jpg,夏
0311.jpg,六
0312.jpg,月
0313.jpg,刻
